Filename,Category
99244405,FINANCE
17562754,BUSINESS-DEVELOPMENT
30311725,FINANCE
19007667,DESIGNER
11065180,BUSINESS-DEVELOPMENT
39237915,BUSINESS-DEVELOPMENT
17199951,BUSINESS-DEVELOPMENT
18236085,BUSINESS-DEVELOPMENT
79663360,BUSINESS-DEVELOPMENT
62312955,BUSINESS-DEVELOPMENT
12333703,BUSINESS-DEVELOPMENT
45907524,APPAREL
20552814,ARTS
73030450,BUSINESS-DEVELOPMENT
14508237,BUSINESS-DEVELOPMENT
37360517,ARTS
25080805,BUSINESS-DEVELOPMENT
36694627,BUSINESS-DEVELOPMENT
18106533,BUSINESS-DEVELOPMENT
28419173,ARTS
68240723,BUSINESS-DEVELOPMENT
52979663,BUSINESS-DEVELOPMENT
18460045,BUSINESS-DEVELOPMENT
64589506,HEALTHCARE
23864858,BUSINESS-DEVELOPMENT
14990354,BUSINESS-DEVELOPMENT
36621169,BUSINESS-DEVELOPMENT
78538268,BUSINESS-DEVELOPMENT
22351830,BUSINESS-DEVELOPMENT
10228751,BUSINESS-DEVELOPMENT
24592627,BUSINESS-DEVELOPMENT
18949843,BUSINESS-DEVELOPMENT
25127518,BUSINESS-DEVELOPMENT
17115815,DESIGNER
29525715,BUSINESS-DEVELOPMENT
23464505,AVIATION
12613221,BUSINESS-DEVELOPMENT
12717345,BUSINESS-DEVELOPMENT
68216398,BUSINESS-DEVELOPMENT
10816645,BUSINESS-DEVELOPMENT
28337049,BUSINESS-DEVELOPMENT
17641670,ARTS
25930778,BUSINESS-DEVELOPMENT
27058381,FITNESS
39970711,BUSINESS-DEVELOPMENT
21853199,ENGINEERING
25926667,BANKING
12890045,BUSINESS-DEVELOPMENT
23807940,BUSINESS-DEVELOPMENT
18264694,BUSINESS-DEVELOPMENT
10567764,BUSINESS-DEVELOPMENT
20574232,PUBLIC-RELATIONS
21101152,BUSINESS-DEVELOPMENT
22259475,BUSINESS-DEVELOPMENT
17509935,BUSINESS-DEVELOPMENT
11551946,BUSINESS-DEVELOPMENT
31638814,FITNESS
17659053,ARTS
28756444,ARTS
11333660,BUSINESS-DEVELOPMENT
26459032,BUSINESS-DEVELOPMENT
14663897,DESIGNER
31243710,BUSINESS-DEVELOPMENT
66832845,BUSINESS-DEVELOPMENT
13583538,BUSINESS-DEVELOPMENT
26098594,BUSINESS-DEVELOPMENT
48533663,BUSINESS-DEVELOPMENT
37201447,BUSINESS-DEVELOPMENT
10659182,BUSINESS-DEVELOPMENT
39908485,BUSINESS-DEVELOPMENT
71422121,BUSINESS-DEVELOPMENT
17378327,BUSINESS-DEVELOPMENT
11850315,BUSINESS-DEVELOPMENT
11187796,ARTS
12904972,BUSINESS-DEVELOPMENT
32651555,BUSINESS-DEVELOPMENT
46260230,BUSINESS-DEVELOPMENT
98513424,BUSINESS-DEVELOPMENT
96761538,BUSINESS-DEVELOPMENT
24643412,AVIATION
16605640,FINANCE
15083600,FINANCE
91591026,AGRICULTURE
22232367,CONSULTANT
20024870,FINANCE
32605413,BUSINESS-DEVELOPMENT
25873425,BUSINESS-DEVELOPMENT
27126818,BUSINESS-DEVELOPMENT
28290448,BUSINESS-DEVELOPMENT
22019500,BUSINESS-DEVELOPMENT
16911115,BUSINESS-DEVELOPMENT
25846894,ACCOUNTANT
17823436,AVIATION
18155310,BUSINESS-DEVELOPMENT
31211074,DIGITAL-MEDIA
27182111,BUSINESS-DEVELOPMENT
23631188,BUSINESS-DEVELOPMENT
28642819,DESIGNER
12802330,PUBLIC-RELATIONS
11441764,BUSINESS-DEVELOPMENT
31025785,BUSINESS-DEVELOPMENT
25142074,BUSINESS-DEVELOPMENT
29897742,BUSINESS-DEVELOPMENT
50219114,BUSINESS-DEVELOPMENT
19090468,BUSINESS-DEVELOPMENT
34141299,BUSINESS-DEVELOPMENT
90685127,BUSINESS-DEVELOPMENT
11887930,BUSINESS-DEVELOPMENT
34594746,BUSINESS-DEVELOPMENT
11188218,BUSINESS-DEVELOPMENT
37335325,DIGITAL-MEDIA
10504237,BUSINESS-DEVELOPMENT
23427369,BUSINESS-DEVELOPMENT
18484846,APPAREL
18805506,BUSINESS-DEVELOPMENT
17131084,BUSINESS-DEVELOPMENT
14556869,BUSINESS-DEVELOPMENT
35971546,BUSINESS-DEVELOPMENT
29002596,FINANCE
34544955,BUSINESS-DEVELOPMENT
39166680,BUSINESS-DEVELOPMENT
10562768,BUSINESS-DEVELOPMENT
11174187,INFORMATION-TECHNOLOGY
22890839,BUSINESS-DEVELOPMENT
26691587,BUSINESS-DEVELOPMENT
10734870,BUSINESS-DEVELOPMENT
28969385,BUSINESS-DEVELOPMENT
13557622,BUSINESS-DEVELOPMENT
22732234,BUSINESS-DEVELOPMENT
16694152,DIGITAL-MEDIA
28951817,APPAREL
33750209,BUSINESS-DEVELOPMENT
22615491,BUSINESS-DEVELOPMENT
21363048,BUSINESS-DEVELOPMENT
74191424,ARTS
37087824,BUSINESS-DEVELOPMENT
23591247,BUSINESS-DEVELOPMENT
10515955,BUSINESS-DEVELOPMENT
29648950,BUSINESS-DEVELOPMENT
26919036,BUSINESS-DEVELOPMENT
15575117,BUSINESS-DEVELOPMENT
38291889,BUSINESS-DEVELOPMENT
10281555,ARTS
12059198,BUSINESS-DEVELOPMENT
17688766,BUSINESS-DEVELOPMENT
31220062,BUSINESS-DEVELOPMENT
34712719,BUSINESS-DEVELOPMENT
12777487,BUSINESS-DEVELOPMENT
26829561,BUSINESS-DEVELOPMENT
51777546,ARTS
35564026,BUSINESS-DEVELOPMENT
51724595,DIGITAL-MEDIA
24550866,BUSINESS-DEVELOPMENT
20633855,BUSINESS-DEVELOPMENT
84295343,BUSINESS-DEVELOPMENT
36252245,BUSINESS-DEVELOPMENT
41344156,BUSINESS-DEVELOPMENT
45462344,ENGINEERING
12239749,BUSINESS-DEVELOPMENT
17658471,AGRICULTURE
91539554,BUSINESS-DEVELOPMENT
30938994,BUSINESS-DEVELOPMENT
10041713,BUSINESS-DEVELOPMENT
38897568,BUSINESS-DEVELOPMENT
69181350,BUSINESS-DEVELOPMENT
23032182,BUSINESS-DEVELOPMENT
15727656,ARTS
39581020,BUSINESS-DEVELOPMENT
30999638,BUSINESS-DEVELOPMENT
11432686,BUSINESS-DEVELOPMENT
78403342,BUSINESS-DEVELOPMENT
57364820,BUSINESS-DEVELOPMENT
12085736,BUSINESS-DEVELOPMENT
19938081,BUSINESS-DEVELOPMENT
55097118,BUSINESS-DEVELOPMENT
27000192,BUSINESS-DEVELOPMENT
37473139,BUSINESS-DEVELOPMENT
31199035,BUSINESS-DEVELOPMENT
53701275,BUSINESS-DEVELOPMENT
81125166,AGRICULTURE
35474904,BUSINESS-DEVELOPMENT
17704246,BUSINESS-DEVELOPMENT
58208591,BUSINESS-DEVELOPMENT
25905275,BUSINESS-DEVELOPMENT
18979238,FITNESS
51432451,BUSINESS-DEVELOPMENT
42384185,BUSINESS-DEVELOPMENT
60489316,BUSINESS-DEVELOPMENT
18198627,FINANCE
23438227,BUSINESS-DEVELOPMENT
14146106,BUSINESS-DEVELOPMENT
23577836,BUSINESS-DEVELOPMENT
18795567,BUSINESS-DEVELOPMENT
51554903,BUSINESS-DEVELOPMENT
14496667,BUSINESS-DEVELOPMENT
70603826,BUSINESS-DEVELOPMENT
15581242,BUSINESS-DEVELOPMENT
18187364,BUSINESS-DEVELOPMENT
14771530,BUSINESS-DEVELOPMENT
17342969,BUSINESS-DEVELOPMENT
77266989,BUSINESS-DEVELOPMENT
20357858,BUSINESS-DEVELOPMENT
18753367,SALES
16849128,BUSINESS-DEVELOPMENT
32799518,BUSINESS-DEVELOPMENT
14449423,ENGINEERING
26801767,BUSINESS-DEVELOPMENT
27485716,BUSINESS-DEVELOPMENT
18669563,BUSINESS-DEVELOPMENT
10176815,BUSINESS-DEVELOPMENT
19402977,FITNESS
48547319,BUSINESS-DEVELOPMENT
98300955,BUSINESS-DEVELOPMENT
78257294,SALES
59777056,BUSINESS-DEVELOPMENT
22465498,BUSINESS-DEVELOPMENT
12442909,BUSINESS-DEVELOPMENT
38154903,ARTS
14849103,BUSINESS-DEVELOPMENT
31242382,BUSINESS-DEVELOPMENT
18825446,DESIGNER
29332616,BUSINESS-DEVELOPMENT
67501448,ARTS
97169343,BUSINESS-DEVELOPMENT
20691949,BUSINESS-DEVELOPMENT
18133495,DESIGNER
12122372,BUSINESS-DEVELOPMENT
10694288,AGRICULTURE
25187733,BUSINESS-DEVELOPMENT
19243556,BUSINESS-DEVELOPMENT
18525641,BUSINESS-DEVELOPMENT
22675694,BUSINESS-DEVELOPMENT
10089434,BUSINESS-DEVELOPMENT
14049846,BUSINESS-DEVELOPMENT
66741193,BUSINESS-DEVELOPMENT
23438112,ACCOUNTANT
22650051,BUSINESS-DEVELOPMENT
87867370,BUSINESS-DEVELOPMENT
29486525,BUSINESS-DEVELOPMENT
37750854,BUSINESS-DEVELOPMENT
18472240,BUSINESS-DEVELOPMENT
20986595,BUSINESS-DEVELOPMENT
27375577,AVIATION
29050809,ACCOUNTANT
16223371,BUSINESS-DEVELOPMENT
16332293,BUSINESS-DEVELOPMENT
21780877,BUSINESS-DEVELOPMENT
21511817,BUSINESS-DEVELOPMENT
11813872,BUSINESS-DEVELOPMENT
12338274,BUSINESS-DEVELOPMENT
10541358,BUSINESS-DEVELOPMENT
80275976,BUSINESS-DEVELOPMENT
14381464,BUSINESS-DEVELOPMENT
28635795,BUSINESS-DEVELOPMENT
98389424,BUSINESS-DEVELOPMENT
20628003,BUSINESS-DEVELOPMENT
25422388,BUSINESS-DEVELOPMENT
14413257,DESIGNER
28396528,BUSINESS-DEVELOPMENT
71576860,BUSINESS-DEVELOPMENT
30127072,BUSINESS-DEVELOPMENT
78114950,AGRICULTURE
13264796,BUSINESS-DEVELOPMENT
12695799,BUSINESS-DEVELOPMENT
11580408,BUSINESS-DEVELOPMENT
74552449,BUSINESS-DEVELOPMENT
19444529,BUSINESS-DEVELOPMENT
62555739,ARTS
37818861,BUSINESS-DEVELOPMENT
36574147,BUSINESS-DEVELOPMENT
19717385,BUSINESS-DEVELOPMENT
25813953,BUSINESS-DEVELOPMENT
26173524,BUSINESS-DEVELOPMENT
29573698,BUSINESS-DEVELOPMENT
83566455,BUSINESS-DEVELOPMENT
13915715,BUSINESS-DEVELOPMENT
22894544,BUSINESS-DEVELOPMENT
28176889,BUSINESS-DEVELOPMENT
10062724,BUSINESS-DEVELOPMENT
29173771,ARTS
14140903,BUSINESS-DEVELOPMENT
25718772,BUSINESS-DEVELOPMENT
15484097,BUSINESS-DEVELOPMENT
20824105,BUSINESS-DEVELOPMENT
28629430,BUSINESS-DEVELOPMENT
29990140,BUSINESS-DEVELOPMENT
13014900,BUSINESS-DEVELOPMENT
29075857,BUSINESS-DEVELOPMENT
94492380,BUSINESS-DEVELOPMENT
25749150,ARTS
13095891,HEALTHCARE
25838512,BUSINESS-DEVELOPMENT
30128072,BUSINESS-DEVELOPMENT
34816637,ENGINEERING
16391949,BUSINESS-DEVELOPMENT
81310245,BUSINESS-DEVELOPMENT
37664296,ARTS
36434348,BUSINESS-DEVELOPMENT
23085604,FITNESS
63083944,BUSINESS-DEVELOPMENT
17694454,ARTS
24967652,BUSINESS-DEVELOPMENT
14009087,BUSINESS-DEVELOPMENT
27796199,BUSINESS-DEVELOPMENT
22605864,BUSINESS-DEVELOPMENT
28975482,DIGITAL-MEDIA
24953126,BUSINESS-DEVELOPMENT
80162314,AGRICULTURE
23296286,BUSINESS-DEVELOPMENT
20210676,BUSINESS-DEVELOPMENT
10186968,BUSINESS-DEVELOPMENT
86549455,BUSINESS-DEVELOPMENT
18301617,BUSINESS-DEVELOPMENT
24610685,BUSINESS-DEVELOPMENT
19070271,ARTS
36758947,BUSINESS-DEVELOPMENT
16244633,BPO
25810233,FINANCE
75156649,CONSULTANT
16474898,BUSINESS-DEVELOPMENT
25839123,BUSINESS-DEVELOPMENT
31552617,BUSINESS-DEVELOPMENT
93653247,BUSINESS-DEVELOPMENT
29928796,BUSINESS-DEVELOPMENT
13477922,BUSINESS-DEVELOPMENT
27798860,BUSINESS-DEVELOPMENT
61065616,BUSINESS-DEVELOPMENT
28423028,ARTS
23185829,BUSINESS-DEVELOPMENT
15620421,BUSINESS-DEVELOPMENT
57706851,BUSINESS-DEVELOPMENT
11963737,BUSINESS-DEVELOPMENT
63670997,BPO
27243670,BUSINESS-DEVELOPMENT
47919212,BUSINESS-DEVELOPMENT
20490741,BUSINESS-DEVELOPMENT
96493528,BUSINESS-DEVELOPMENT
49119887,BUSINESS-DEVELOPMENT
22720697,BUSINESS-DEVELOPMENT
64755882,BUSINESS-DEVELOPMENT
15858254,BUSINESS-DEVELOPMENT
56025640,ARTS
85421438,BUSINESS-DEVELOPMENT
30864828,BUSINESS-DEVELOPMENT
12674307,BUSINESS-DEVELOPMENT
21334981,BUSINESS-DEVELOPMENT
12668625,BUSINESS-DEVELOPMENT
80503242,BUSINESS-DEVELOPMENT
40987524,BUSINESS-DEVELOPMENT
27726066,BUSINESS-DEVELOPMENT
22510753,BUSINESS-DEVELOPMENT
12518008,ARTS
11490673,BUSINESS-DEVELOPMENT
18488289,BUSINESS-DEVELOPMENT
30968749,PUBLIC-RELATIONS
86597425,BUSINESS-DEVELOPMENT
22008817,BUSINESS-DEVELOPMENT
48549972,BUSINESS-DEVELOPMENT
28942221,BUSINESS-DEVELOPMENT
10235429,BUSINESS-DEVELOPMENT
78273826,BUSINESS-DEVELOPMENT
20423658,BUSINESS-DEVELOPMENT
16091352,BUSINESS-DEVELOPMENT
91930382,BUSINESS-DEVELOPMENT
93112113,BUSINESS-DEVELOPMENT
38860712,BUSINESS-DEVELOPMENT
17926546,BUSINESS-DEVELOPMENT
33527446,CONSULTANT
19867922,BUSINESS-DEVELOPMENT
15564893,AUTOMOBILE
29134721,BUSINESS-DEVELOPMENT
12938200,BUSINESS-DEVELOPMENT
12334650,BUSINESS-DEVELOPMENT
85101052,BUSINESS-DEVELOPMENT
26079779,BUSINESS-DEVELOPMENT
36149549,BUSINESS-DEVELOPMENT
24240349,BUSINESS-DEVELOPMENT
20977412,BUSINESS-DEVELOPMENT
46258701,BUSINESS-DEVELOPMENT
23944036,BUSINESS-DEVELOPMENT
91189201,BUSINESS-DEVELOPMENT
25694422,BUSINESS-DEVELOPMENT
24703009,ENGINEERING
15363277,BUSINESS-DEVELOPMENT
86322251,BUSINESS-DEVELOPMENT
13294301,ACCOUNTANT
31605080,BUSINESS-DEVELOPMENT
13296856,BUSINESS-DEVELOPMENT
27756469,BUSINESS-DEVELOPMENT
10985403,BUSINESS-DEVELOPMENT
99714410,BUSINESS-DEVELOPMENT
30361788,BUSINESS-DEVELOPMENT
18480859,BUSINESS-DEVELOPMENT
37660306,BUSINESS-DEVELOPMENT
43378989,BUSINESS-DEVELOPMENT
10289113,BUSINESS-DEVELOPMENT
29839396,ARTS
14966165,BUSINESS-DEVELOPMENT
68460556,BUSINESS-DEVELOPMENT
12491898,BUSINESS-DEVELOPMENT
20993320,BUSINESS-DEVELOPMENT
26750846,AGRICULTURE
19582792,FINANCE
19176318,BUSINESS-DEVELOPMENT
23408537,BUSINESS-DEVELOPMENT
42641525,CONSULTANT
66906212,BUSINESS-DEVELOPMENT
54100393,BUSINESS-DEVELOPMENT
17392859,BUSINESS-DEVELOPMENT
14871762,PUBLIC-RELATIONS
49685006,BUSINESS-DEVELOPMENT
26767199,BUSINESS-DEVELOPMENT
26671167,BUSINESS-DEVELOPMENT
24412546,BUSINESS-DEVELOPMENT
14106638,BUSINESS-DEVELOPMENT
13518263,ARTS
16356151,BUSINESS-DEVELOPMENT
33023370,BUSINESS-DEVELOPMENT
41506705,BUSINESS-DEVELOPMENT
11773767,BUSINESS-DEVELOPMENT
29148871,ADVOCATE
41586420,BUSINESS-DEVELOPMENT
22093368,DIGITAL-MEDIA
20457611,BUSINESS-DEVELOPMENT
39650734,BUSINESS-DEVELOPMENT
29999135,BUSINESS-DEVELOPMENT
22442947,BUSINESS-DEVELOPMENT
45077654,BUSINESS-DEVELOPMENT
28897981,BUSINESS-DEVELOPMENT
26069113,BUSINESS-DEVELOPMENT
70541112,FINANCE
24833063,FINANCE
13072354,BUSINESS-DEVELOPMENT
31710562,DIGITAL-MEDIA
33141415,DESIGNER
3547447,BUSINESS-DEVELOPMENT
20674668,BUSINESS-DEVELOPMENT
12144825,BUSINESS-DEVELOPMENT
16121015,BUSINESS-DEVELOPMENT
30083943,BUSINESS-DEVELOPMENT
29926588,BUSINESS-DEVELOPMENT
13342150,ARTS
83338413,BUSINESS-DEVELOPMENT
24580361,BUSINESS-DEVELOPMENT
58665241,ADVOCATE
33344933,BUSINESS-DEVELOPMENT
56520872,BUSINESS-DEVELOPMENT
81588968,BUSINESS-DEVELOPMENT
82125182,BUSINESS-DEVELOPMENT
27820360,SALES
10876132,BUSINESS-DEVELOPMENT
22408666,ADVOCATE
10138632,BUSINESS-DEVELOPMENT
24647794,FINANCE
35554162,BUSINESS-DEVELOPMENT
17876954,BUSINESS-DEVELOPMENT
33381211,BUSINESS-DEVELOPMENT
14879257,TEACHER
20393721,HR
33135102,BUSINESS-DEVELOPMENT
17095812,BUSINESS-DEVELOPMENT
39805617,FITNESS
19161572,BUSINESS-DEVELOPMENT
25990239,DESIGNER
12065211,BUSINESS-DEVELOPMENT
11635137,BUSINESS-DEVELOPMENT
18442517,ARTS
11995013,BUSINESS-DEVELOPMENT
29483501,BUSINESS-DEVELOPMENT
12192507,BUSINESS-DEVELOPMENT
15423153,BUSINESS-DEVELOPMENT
47470864,BUSINESS-DEVELOPMENT
55477468,BUSINESS-DEVELOPMENT
78298706,BUSINESS-DEVELOPMENT
55746506,BUSINESS-DEVELOPMENT
29456173,BUSINESS-DEVELOPMENT
15226699,BUSINESS-DEVELOPMENT
12544735,BUSINESS-DEVELOPMENT
25150191,BUSINESS-DEVELOPMENT
25656981,BUSINESS-DEVELOPMENT
19464810,BUSINESS-DEVELOPMENT
19268120,BUSINESS-DEVELOPMENT
16449694,BUSINESS-DEVELOPMENT
29177904,BUSINESS-DEVELOPMENT
18501746,BUSINESS-DEVELOPMENT
51639418,BUSINESS-DEVELOPMENT
95519832,BUSINESS-DEVELOPMENT
34303500,BUSINESS-DEVELOPMENT
28933005,BUSINESS-DEVELOPMENT
13593241,BUSINESS-DEVELOPMENT
11637468,BUSINESS-DEVELOPMENT
21338490,BUSINESS-DEVELOPMENT
11616482,BUSINESS-DEVELOPMENT
15906625,BUSINESS-DEVELOPMENT
36392131,BUSINESS-DEVELOPMENT
20882041,BUSINESS-DEVELOPMENT
11650031,BUSINESS-DEVELOPMENT
